iso3,period,admin_level,service,admin_name,pop_total,pop_covered,pop_coverage_pct,area_coverage_pct,tiles,tests,devices,d_median_pop,d_mean_pop,d_median_tile,d_p10_pop,d_p90_pop,divide_ratio,u_median_pop,lat_median_pop,pct_above_bb,pct_above_hi,density
GMB,2026Q2,ADM2,fixed,Bakau,38486.35536491871,7009.0654296875,18.21181913233707,3.6261121501637823,1.0,63.0,13.0,20.367,20.367,20.367,20.367,20.367,1.0,9.667,46.0,100.0,0.0,3946.188337356771
GMB,2026Q2,ADM2,fixed,Jeshwang,64260.79247584939,15427.211822509766,24.007191987723537,10.455792111521783,4.0,304.0,29.0,24.66426563903933,22.85216916751459,22.396,7.712506877660146,31.841,4.128489025044482,9.731578794549117,81.13859149341687,99.45031746064747,49.682189810688314,4748.977961495855
GMB,2026Q2,ADM2,fixed,Kombo North,306973.9133270681,21834.700317382812,7.112884635939353,2.110540868406479,11.0,942.0,75.0,9.716051789779943,12.483792568473195,10.187,6.768045183998945,21.56262022999507,3.1859450762789754,6.388145068288935,54.66064901620166,37.70760407137447,6.665147424035666,1664.6840312242982
GMB,2026Q2,ADM2,fixed,Lower Niumi,123127.67020420471,1198.283203125,0.9732038307373736,0.09961037700562696,1.0,241.0,1.0,32.423,32.423,32.423,32.423,32.423,1.0,12.353,105.0,100.0,100.0,347.05739388061795
GMB,2026Q2,ADM2,fixed,Serrekunda Central,39259.58935546875,14656.39697265625,37.33201801973167,9.017733713246137,1.0,63.0,8.0,12.711,12.711,12.711,12.711,12.711,1.0,8.468,83.0,100.0,0.0,10008.663237660241
GMB,2026Q2,ADM2,fixed,Serrekunda East,61380.32681001723,2070.527099609375,3.373274805163576,2.7961314951569385,1.0,83.0,4.0,22.34,22.34,22.34,22.34,22.34,1.0,5.581,118.0,100.0,0.0,4850.260893749027
GMB,2026Q2,ADM2,fixed,Serrekunda West,87787.09832763672,16687.1318359375,19.008638118619917,8.11826415893004,3.0,222.0,15.0,18.163065505617194,19.291284527256952,19.685,13.47,28.955,2.149591685226429,13.484645070249295,42.97114863199195,100.0,24.650102006581022,6716.319617919371
GMB,2026Q2,ADM2,mobile,Kombo North,306973.9133270681,953.90771484375,0.3107455302976838,0.19190690733466564,1.0,58.0,4.0,18.509,18.509,18.509,18.509,18.509,1.0,7.292,27.0,100.0,0.0,1664.6840312242982
GMB,2026Q2,ADM2,mobile,Serrekunda Central,39259.58935546875,9639.3818359375,24.55293596848272,9.017733713246137,1.0,64.0,5.0,5.503,5.503,5.503,5.503,5.503,1.0,14.477,24.0,0.0,0.0,10008.663237660241
GMB,2026Q2,ADM2,mobile,Serrekunda West,87787.09832763672,0.0,0.0,2.7060076300124125,1.0,59.0,16.0,51.889,51.889,51.889,51.889,51.889,1.0,9.255,20.0,100.0,100.0,6716.319617919371
